{"cameraMode":{"drawMode":0,"name":"Shaded","section":"Shading Mode"},"sceneLighting":true,"audioPlay":false,"sceneViewState":{"showFog":true,"showMaterialUpdate":true,"showSkybox":true,"showFlares":true,"showImageEffects":true,"showParticleSystems":true},"in2DMode":false,"pivot":{"x":-2.2492494583129885,"y":-1.419682502746582,"z":5.884454727172852},"rotation":{"x":0.14633004367351533,"y":-0.6300477981567383,"z":0.12247788161039353,"w":0.7527459263801575},"size":12.146032333374024,"orthographic":false}