{"cameraMode":{"drawMode":0,"name":"Shaded","section":"Shading Mode"},"sceneLighting":false,"audioPlay":false,"sceneViewState":{"showFog":true,"showMaterialUpdate":true,"showSkybox":true,"showFlares":true,"showImageEffects":true,"showParticleSystems":true},"in2DMode":false,"pivot":{"x":0.1884962022304535,"y":0.9657819271087647,"z":0.6574835777282715},"rotation":{"x":-0.17310908436775208,"y":-0.012710021808743477,"z":0.002234612824395299,"w":-0.9848181009292603},"size":7.188414096832275,"orthographic":false}