{"cameraMode":{"drawMode":0,"name":"Shaded","section":"Shading Mode"},"sceneLighting":true,"audioPlay":false,"sceneViewState":{"showFog":true,"showMaterialUpdate":true,"showSkybox":true,"showFlares":true,"showImageEffects":true,"showParticleSystems":true},"in2DMode":false,"pivot":{"x":-0.38247424364089968,"y":2.0532889366149904,"z":0.40221214294433596},"rotation":{"x":-0.037480056285858157,"y":0.024574927985668184,"z":-0.0009215286117978394,"w":-0.998994767665863},"size":3.019268035888672,"orthographic":false}