{"cameraMode":{"drawMode":0,"name":"Shaded","section":"Shading Mode"},"sceneLighting":false,"audioPlay":false,"sceneViewState":{"showFog":true,"showMaterialUpdate":true,"showSkybox":true,"showFlares":true,"showImageEffects":true,"showParticleSystems":true},"in2DMode":false,"pivot":{"x":0.3932275176048279,"y":1.0683526992797852,"z":0.3859313130378723},"rotation":{"x":0.0565810427069664,"y":0.8417683243751526,"z":-0.08998802304267883,"w":0.5292701125144959},"size":6.278864860534668,"orthographic":false}