{"cameraMode":{"drawMode":0,"name":"Shaded","section":"Shading Mode"},"sceneLighting":true,"audioPlay":false,"sceneViewState":{"showFog":true,"showMaterialUpdate":true,"showSkybox":true,"showFlares":true,"showImageEffects":true,"showParticleSystems":true},"in2DMode":false,"pivot":{"x":-0.5530192852020264,"y":1.733574390411377,"z":-0.4035989046096802},"rotation":{"x":-0.0009258289937861264,"y":-0.7866743206977844,"z":0.0011804931564256549,"w":-0.6173664331436157},"size":4.181288242340088,"orthographic":false}