{"cameraMode":{"drawMode":0,"name":"Shaded","section":"Shading Mode"},"sceneLighting":true,"audioPlay":false,"sceneViewState":{"showFog":true,"showMaterialUpdate":true,"showSkybox":true,"showFlares":true,"showImageEffects":true,"showParticleSystems":true},"in2DMode":false,"pivot":{"x":-0.09303998947143555,"y":0.9650543928146362,"z":-0.3059730529785156},"rotation":{"x":-0.0009258289937861264,"y":-0.7866743206977844,"z":0.0011804931564256549,"w":-0.6173664331436157},"size":2.538224458694458,"orthographic":false}