{"cameraMode":{"drawMode":0,"name":"Shaded","section":"Shading Mode"},"sceneLighting":true,"audioPlay":false,"sceneViewState":{"showFog":true,"showMaterialUpdate":true,"showSkybox":true,"showFlares":true,"showImageEffects":true,"showParticleSystems":true},"in2DMode":false,"pivot":{"x":0.44507884979248049,"y":1.4575798511505128,"z":-1.6548092365264893},"rotation":{"x":0.05578349903225899,"y":0.7095101475715637,"z":-0.05652446299791336,"w":0.7002061605453491},"size":7.2577714920043949,"orthographic":false}