{"cameraMode":{"drawMode":0,"name":"Shaded","section":"Shading Mode"},"sceneLighting":true,"audioPlay":false,"sceneViewState":{"showFog":true,"showMaterialUpdate":true,"showSkybox":true,"showFlares":true,"showImageEffects":true,"showParticleSystems":true},"in2DMode":false,"pivot":{"x":-0.2968766689300537,"y":1.9038000106811524,"z":-1.950322151184082},"rotation":{"x":-0.04169910028576851,"y":-0.8209097981452942,"z":0.06044621393084526,"w":-0.5663166046142578},"size":2.4192681312561037,"orthographic":false}