{"cameraMode":{"drawMode":0,"name":"Shaded","section":"Shading Mode"},"sceneLighting":true,"audioPlay":false,"sceneViewState":{"showFog":true,"showMaterialUpdate":true,"showSkybox":true,"showFlares":true,"showImageEffects":true,"showParticleSystems":true},"in2DMode":false,"pivot":{"x":-2.0376415252685549,"y":2.5040109157562258,"z":-4.983651161193848},"rotation":{"x":-0.0068838829174637798,"y":0.9931044578552246,"z":-0.0851171538233757,"w":-0.08031933009624481},"size":8.365530967712403,"orthographic":false}