{"cameraMode":{"drawMode":0,"name":"Shaded","section":"Shading Mode"},"sceneLighting":false,"audioPlay":false,"sceneViewState":{"showFog":true,"showMaterialUpdate":true,"showSkybox":true,"showFlares":true,"showImageEffects":true,"showParticleSystems":true},"in2DMode":false,"pivot":{"x":0.3932275176048279,"y":1.0683526992797852,"z":0.3859313130378723},"rotation":{"x":-0.037480056285858157,"y":0.024574927985668184,"z":-0.0009215286117978394,"w":-0.998994767665863},"size":6.278864860534668,"orthographic":false}